Janela,address,tipo
Maduro_1_Antes,0x74de5d4fcbf63e00296fd95d33236b9794016631,hub
Maduro_1_Antes,0x11950d141ecb863f01007add7d1a342041227b58,hub
Maduro_1_Antes,0x543902775229aca2dc79effcd0d8e944d63093d2,hub
Maduro_1_Antes,0x67336cec42645f55059eff241cb02ea5cc52ff86,hub
Maduro_1_Antes,0x301d9bc22d66f7bc49329a9d9eb16d3ecc4a12b4,hub
Maduro_1_Antes,0x5e196d6069946ef6af2c48f1f9c8f62248d53902,hub
Maduro_1_Antes,0xa43fe16908251ee70ef74718545e4fe6c5ccec9f,hub
Maduro_1_Antes,0x717c84aaf99e17928d8c10277f444ecfe34f679b,hub
Maduro_1_Antes,0xe40d7f9ca3d1cf3a4f6f64659c3a7341b5d59455,hub
Maduro_1_Antes,0x992c59d45dd67706d7aaa118beb331c203858417,hub
Maduro_1_Antes,0x5a1b2acd0c9992e14f2b6d8a326023e35a097a3a,hub
Maduro_1_Antes,0xa7bc6c09907fa2ded89f1c8d05374621cb1f88c5,hub
Maduro_1_Antes,0x248823df26180700e56f632dd7fa64a4d63f9db1,hub
Maduro_1_Antes,0xf239009a101b6b930a527deaab6961b6e7dec8a6,hub
Maduro_1_Antes,0x000000000004444c5dc75cb358380d2e3de08a90,hub
Maduro_1_Antes,0x9b96128a3f770faf7a882af4b0156e6976fed3d0,hub
Maduro_1_Antes,0x2ac51184e197248553827704f162234808664759,hub
Maduro_1_Antes,0x35b7ef9f13017e7b4f28a277f5e67bec774bf7b1,hub
Maduro_1_Antes,0x008749608a242f1a68903590b9d2a41c588db740,auth
Maduro_1_Antes,0x006a010145694a03d15851133cbdd6b705b3e2df,auth
Maduro_1_Antes,0x009cb9c2705e9ae4d553e763f7f99d3710dbe95a,auth
Maduro_1_Antes,0x00cedec45afe5953715e02e504e58f811ac15ee2,auth
Maduro_1_Antes,0x0087c85ed1c0a58f4edbc47392922d30025feb39,auth
Maduro_1_Antes,0x00002c3ab2b5743ec3d23527f37b1d823abcdead,auth
Maduro_1_Antes,0x0084ca53c999603cce0b6cfc762fb23a027de95e,auth
Maduro_1_Antes,0x00008026e7f75a138f2e1dfc58119ceb527073f9,auth
Maduro_1_Antes,0x00bf29fbd3f78f661c106a1cd590e0e43f08fbf9,auth
Maduro_1_Antes,0x0084f704e25952b169f9e295e6642e11e279e95e,auth
Maduro_1_Antes,0x00b1608dee748f1ab739a10ba644db3ebc5edba8,auth
Maduro_1_Antes,0x0000d5e04548fb0684ae073cd17d64d0aba651d8,auth
Maduro_1_Antes,0x009c68bfbcbb0e4f38c8854aff34062eb422e95a,auth
Maduro_1_Antes,0x00008e8c22a3a83d46686657e890d2835cc48a90,auth
Maduro_1_Antes,0x009cc23bb2054fe330177a42df3fab7eadafe95a,auth
Maduro_1_Antes,0x005a54dc517beaaa37873f4c74d4affacacb8955,auth
Maduro_1_Antes,0x0000d608ab3f94ab2a41c1213d8e4516de36d8e3,auth
Maduro_1_Antes,0x000d65cabbf09444318a04456bade6ca2d556aa7,auth
Maduro_1_Antes,0x0079a778627bed2c66d7dfd3d593e6679cd75fd1,auth
Maduro_1_Antes,0x0041c9dd32e8f2bdeb576ea34cff5662e214d0c5,auth
Maduro_2_Choque,0x420cafe478ebb83542a70089e5a65da67cc829ac,hub
Maduro_2_Choque,0x9008d19f58aabd9ed0d60971565aa8510560ab41,hub
Maduro_2_Choque,0x990636ecb3ff04d33d92e970d3d588bf5cd8d086,hub
Maduro_2_Choque,0x5bdffbae4058cb7415b7b421802b1501d260f7ef,hub
Maduro_2_Choque,0x301d9bc22d66f7bc49329a9d9eb16d3ecc4a12b4,hub
Maduro_2_Choque,0xb685760ebd368a891f27ae547391f4e2a289895b,hub
Maduro_2_Choque,0x5a1b2acd0c9992e14f2b6d8a326023e35a097a3a,hub
Maduro_2_Choque,0x437f64649600e302f4335be1130f665394015437,hub
Maduro_2_Choque,0x0bb7a4fdea32910038dec59c20ccae3a6e66b09f,hub
Maduro_2_Choque,0x700ee3016e205063e49ce13ebd6ae6b67e9d56a6,hub
Maduro_2_Choque,0x1f2f10d1c40777ae1da742455c65828ff36df387,hub
Maduro_2_Choque,0x4bab2cb2ed6ee2d564ba5398cab4161d95e58f1b,hub
Maduro_2_Choque,0x008749608a242f1a68903590b9d2a41c588db740,auth
Maduro_2_Choque,0x0000e7316ba731a244e13a921621e2dcebac0000,auth
Maduro_2_Choque,0x003715e5d30af47401d285cd85221cf1ea5fb9da,auth
Maduro_2_Choque,0x00687539d8c9c2dad510394e7c0ebd2e31cebdab,auth
Maduro_2_Choque,0x009cb9c2705e9ae4d553e763f7f99d3710dbe95a,auth
Maduro_2_Choque,0x00002c3ab2b5743ec3d23527f37b1d823abcdead,auth
Maduro_2_Choque,0x0084ca53c999603cce0b6cfc762fb23a027de95e,auth
Maduro_2_Choque,0x00c215297a2b33a2f29947bd32f207325b7ccbcc,auth
Maduro_2_Choque,0x00008026e7f75a138f2e1dfc58119ceb527073f9,auth
Maduro_2_Choque,0x00bf29fbd3f78f661c106a1cd590e0e43f08fbf9,auth
Maduro_2_Choque,0x0000b547acfd2d89bc414afd1aed347f52f54f31,auth
Maduro_2_Choque,0x0112dfca582513805eff5c71bc3b359662869a5d,auth
Maduro_2_Choque,0x00b1608dee748f1ab739a10ba644db3ebc5edba8,auth
Maduro_2_Choque,0x00008e8c22a3a83d46686657e890d2835cc48a90,auth
Maduro_2_Choque,0x009cc23bb2054fe330177a42df3fab7eadafe95a,auth
Maduro_2_Choque,0x010d838fe2f4b5a443e71047fd3815a04166d83f,auth
Maduro_2_Choque,0x010606767a13923bf328508f56650632c701e10d,auth
Maduro_2_Choque,0x00bb015e1666f28fcb75c8919dc5633d9b835ab4,auth
Maduro_2_Choque,0x0041c9dd32e8f2bdeb576ea34cff5662e214d0c5,auth
Maduro_2_Choque,0x000e3b5644f725a9abdef98fd7ee2dcf761ee0de,auth
Maduro_3_Depois,0xfd301d36a3a2d7697247d3cb1d6f15fabf2fe531,hub
Maduro_3_Depois,0x5bdffbae4058cb7415b7b421802b1501d260f7ef,hub
Maduro_3_Depois,0x21a3245360527e8cbd8e96c5f0c3ad64f13b5549,hub
Maduro_3_Depois,0x301d9bc22d66f7bc49329a9d9eb16d3ecc4a12b4,hub
Maduro_3_Depois,0xb685760ebd368a891f27ae547391f4e2a289895b,hub
Maduro_3_Depois,0x5e196d6069946ef6af2c48f1f9c8f62248d53902,hub
Maduro_3_Depois,0x700eafc70e47793b7941742caabdee3bd10656a6,hub
Maduro_3_Depois,0x019ce0bb10cbe9a67443883287f775492c3cbc5c,hub
Maduro_3_Depois,0x3d90f66b534dd8482b181e24655a9e8265316be9,hub
Maduro_3_Depois,0x5e1908e2a80e856bced23a269a75ec4b62b73902,hub
Maduro_3_Depois,0x1887fa9edadeab7562b01cc3f4fa246ace2c3cdd,hub
Maduro_3_Depois,0x2ac51184e197248553827704f162234808664759,hub
Maduro_3_Depois,0x35b7ef9f13017e7b4f28a277f5e67bec774bf7b1,hub
Maduro_3_Depois,0x008749608a242f1a68903590b9d2a41c588db740,auth
Maduro_3_Depois,0x0000e7316ba731a244e13a921621e2dcebac0000,auth
Maduro_3_Depois,0x000d63ec020fda0e22be3d872b097b9282edc34d,auth
Maduro_3_Depois,0x003715e5d30af47401d285cd85221cf1ea5fb9da,auth
Maduro_3_Depois,0x00652493bafcaa810cbf7054f26d443668882b5f,auth
Maduro_3_Depois,0x0000fc16bd931a2a6e25437d74a9480b51f50000,auth
Maduro_3_Depois,0x00002c3ab2b5743ec3d23527f37b1d823abcdead,auth
Maduro_3_Depois,0x0000e60b93aaf6897f955cbe419d8f4119f30d95,auth
Maduro_3_Depois,0x00008026e7f75a138f2e1dfc58119ceb527073f9,auth
Maduro_3_Depois,0x003ff421de8aea12bb193b6a5358fd1d16c1f353,auth
Maduro_3_Depois,0x0084f704e25952b169f9e295e6642e11e279e95e,auth
Maduro_3_Depois,0x0086f3332c4e7a038e8feac8955eb1e1733ce53a,auth
Maduro_3_Depois,0x000069ee9190afcad04ab4e985801ebaace80e49,auth
Maduro_3_Depois,0x00008e8c22a3a83d46686657e890d2835cc48a90,auth
Maduro_3_Depois,0x003e23602355f77a15669ce01b50edd0a3555dfc,auth
Maduro_3_Depois,0x00569b0863d441d0c30c4383818444c5c6dfec9c,auth
Maduro_3_Depois,0x0000d608ab3f94ab2a41c1213d8e4516de36d8e3,auth
Maduro_3_Depois,0x0000688f1a390e2d849ec74858b7ff7b4e940d95,auth
Maduro_3_Depois,0x00005f57357970308aa51f501cab99d4ab840cac,auth
Maduro_3_Depois,0x0041c9dd32e8f2bdeb576ea34cff5662e214d0c5,auth
Khamenei_1_Antes,0x00609135b395991edd36db7b69f9223bd105c44f,hub
Khamenei_1_Antes,0x006aa09594b166525fce10c30111dae9903dfbb6,hub
Khamenei_1_Antes,0x003f53a6e0dfe1d19cd586a7cb763f6349936d68,hub
Khamenei_1_Antes,0x00190052a1c2fea6bb2af8a2ccc0362111b23086,hub
Khamenei_1_Antes,0x002efbf79516be459df33b50f45294864263672b,hub
Khamenei_1_Antes,0x007ef54f3e40dd2eb8d788f2662ba210481e2b4e,hub
Khamenei_1_Antes,0x0030de47e9245c7e5f77ffe9a1d8f170f46ab2b7,hub
Khamenei_1_Antes,0xa8a7d1479661a2400b876561e20c632c50d825fe,hub
Khamenei_1_Antes,0x003e8d4c3e0e50bba62deb347a4e43360e49cd6f,hub
Khamenei_1_Antes,0x0082ed5a95f73b57061059e07013a117b42efc76,hub
Khamenei_1_Antes,0x0031b1a23b285e5a6aa5fced3666f1610c0637c0,hub
Khamenei_1_Antes,0x008f3c9a81d379c7b18d9d643f39684115858f13,hub
Khamenei_1_Antes,0x008e4a7b4e045411c65f4de6e47347ef2aa0e542,hub
Khamenei_1_Antes,0x0028a7fde2aff038ae9cab8707a0f166ebf2bc0d,hub
Khamenei_1_Antes,0x007a8ceaee16235db1cf3f6e18ebe3f8ab1037b7,hub
Khamenei_1_Antes,0x00847f19da4353093c2b693806a113956da865e4,hub
Khamenei_1_Antes,0x0078db86f6fcebfed00730dd4576034872d507f9,hub
Khamenei_1_Antes,0x000608f3decea38d709cc2613b2ee8586e2a5933,hub
Khamenei_1_Antes,0x005c42f8e7819169915900bf5854b9d9d9d469ae,hub
Khamenei_1_Antes,0x007e5e26fa4faa6142ba4f18d14c613d19d8cebc,hub
Khamenei_1_Antes,0x3868276fd6d822f0e5d1aa0588a6284670646be5,auth
Khamenei_1_Antes,0x5e196d6069946ef6af2c48f1f9c8f62248d53902,auth
Khamenei_1_Antes,0x28c6c06298d514db089934071355e5743bf21d60,auth
Khamenei_1_Antes,0x30eff8028abc44b69169eb7e9a10bcc6a8be8a64,auth
Khamenei_1_Antes,0x2cff890f0378a11913b6129b2e97417a2c302680,auth
Khamenei_1_Antes,0x717c84aaf99e17928d8c10277f444ecfe34f679b,auth
Khamenei_1_Antes,0x437f64649600e302f4335be1130f665394015437,auth
Khamenei_1_Antes,0x248823df26180700e56f632dd7fa64a4d63f9db1,auth
Khamenei_1_Antes,0x6b103e9c53ab6fd657543e03cbbb3139be0893c9,auth
Khamenei_1_Antes,0x000000000004444c5dc75cb358380d2e3de08a90,auth
Khamenei_1_Antes,0x35b7ef9f13017e7b4f28a277f5e67bec774bf7b1,auth
Khamenei_1_Antes,0xca64afc5e76f2ba5859c173e813b6dbf49c6a113,auth
Khamenei_1_Antes,0xcee31c846cbf003f4ceb5bbd234cba03c6e940c7,auth
Khamenei_1_Antes,0x1231deb6f5749ef6ce6943a275a1d3e7486f4eae,auth
Khamenei_1_Antes,0x05b5dba037afa4bbafaca15bf9f6bfaaad183fe6,auth
Khamenei_1_Antes,0x3202acfd55232f3706aa81a4f18a98686b5e1d1b,auth
Khamenei_1_Antes,0xdd3d72c53ff982ff59853da71158bf1538b3ceee,auth
Khamenei_1_Antes,0x9ca10fd6a079122e455f7cf4df73e0b95751d0c4,auth
Khamenei_1_Antes,0x91d40e4818f4d4c57b4578d9eca6afc92ac8debe,auth
Khamenei_1_Antes,0x1f2f10d1c40777ae1da742455c65828ff36df387,auth
Khamenei_2_Choque,0x11950d141ecb863f01007add7d1a342041227b58,hub
Khamenei_2_Choque,0xc80af4a6b0deaeff4a91a1384462586228cb2416,hub
Khamenei_2_Choque,0x990636ecb3ff04d33d92e970d3d588bf5cd8d086,hub
Khamenei_2_Choque,0x3c02290922a3618a4646e3bbca65853ea45fe7c6,hub
Khamenei_2_Choque,0xa43fe16908251ee70ef74718545e4fe6c5ccec9f,hub
Khamenei_2_Choque,0xd4d2960e1e58a597723ae021cc811193f79153b1,hub
Khamenei_2_Choque,0xf89d7b9c864f589bbf53a82105107622b35eaa40,hub
Khamenei_2_Choque,0xf48a3f7c0575c85cf4529aa220caf3c055773f1c,hub
Khamenei_2_Choque,0x9642b23ed1e01df1092b92641051881a322f5d4e,hub
Khamenei_2_Choque,0x4def2ba6a1e865e26814e867ff048847afaa2a7f,auth
Khamenei_2_Choque,0x9be509cbfd7cd6357411b72f3f737f3789239691,auth
Khamenei_2_Choque,0x7da4800a56b42034e06b6cfa05b383e9df781c8a,auth
Khamenei_2_Choque,0xeff6cb8b614999d130e537751ee99724d01aa167,auth
Khamenei_2_Choque,0xe4aa002d49faf0e62b923c924aac54c25702332b,auth
Khamenei_2_Choque,0x5aef1065dc56b2f72ffebbad4c14a63538f3f081,auth
Khamenei_2_Choque,0xeaccfd22526e77faf4bb1012024577dcd83a2940,auth
Khamenei_2_Choque,0xbd50b0e3c8da2144a5266ec26fd8e9219d05032a,auth
Khamenei_2_Choque,0xa7c07de4c2625ed832cff551c7ed194fb4748648,auth
Khamenei_2_Choque,0x9ae2f855d7e29e65eec47b30019b0da5dd444f90,auth
Khamenei_2_Choque,0x881c8f0ca23edabf7834fddeb603644480a89698,auth
Khamenei_2_Choque,0x03717ea9e88b62c86dc0e791428e0a6ba8016430,auth
Khamenei_2_Choque,0x9f85c6553a71bd4f315bd119c45fb3006a6683d5,auth
Khamenei_2_Choque,0x224fdacbd939f3956dcc65eadd99d0d3b5463d3e,auth
Khamenei_2_Choque,0xa3a665c346ab440b461c8078e828c5b2e94fbc5a,auth
Khamenei_3_Depois,0x11950d141ecb863f01007add7d1a342041227b58,hub
Khamenei_3_Depois,0xa43fe16908251ee70ef74718545e4fe6c5ccec9f,hub
Khamenei_3_Depois,0xf60c2ea62edbfe808163751dd0d8693dcb30019c,hub
Khamenei_3_Depois,0xb2170202b050f0549b9d9733f8258bc917346f98,hub
Khamenei_3_Depois,0xf89d7b9c864f589bbf53a82105107622b35eaa40,hub
Khamenei_3_Depois,0xf48a3f7c0575c85cf4529aa220caf3c055773f1c,hub
Khamenei_3_Depois,0x4a4aaa0155237881fbd5c34bfae16e985a7b068d,hub
Khamenei_3_Depois,0x9642b23ed1e01df1092b92641051881a322f5d4e,hub
Khamenei_3_Depois,0x58edf78281334335effa23101bbe3371b6a36a51,hub
Khamenei_3_Depois,0x2d880ccc788aaa6dbdeaad3b585f8c533c6be54c,auth
Khamenei_3_Depois,0x7ecad83c191d09ee764cc6d7e1580a102445f6d0,auth
Khamenei_3_Depois,0x44fa9ed3d2c105d0f566fdf225b98fff8e9c9eac,auth
Khamenei_3_Depois,0x3f5e2ba8082730c42612534f38c2fd3a28b8f3ef,auth
Khamenei_3_Depois,0x8eaacd674d9a0f5160991671ebc9c64b5df558e6,auth
Khamenei_3_Depois,0xfbd4cdb413e45a52e2c8312f670e9ce67e794c37,auth
Khamenei_3_Depois,0xeff6cb8b614999d130e537751ee99724d01aa167,auth
Khamenei_3_Depois,0xda90fb313475715f4391b253548526a787222bf7,auth
Khamenei_3_Depois,0xe4aa002d49faf0e62b923c924aac54c25702332b,auth
Khamenei_3_Depois,0x44fee18f6c2dc25eb211f8153a7d835e48a4bacb,auth
Khamenei_3_Depois,0x51c72848c68a965f66fa7a88855f9f7784502a7f,auth
Khamenei_3_Depois,0x1d62eaf84d00b22d80fd5a9660285823d365f01f,auth
Khamenei_3_Depois,0x224fdacbd939f3956dcc65eadd99d0d3b5463d3e,auth
Khamenei_3_Depois,0x6ab9acf289b726d6d991c1511a6154c770648957,auth
